name,link,image,address,phone1,phone2,email,website
lsauto,https://www.meroauto.com/car_brand/lsauto/,https://www.meroauto.com/wp-content/themes/meroauto_custom_thm/inc/timthumb.php?src=https://www.meroauto.com/wp-content/uploads/2025/03/LS-Auto-Logo.jpg&w=350&h=250,"Baluwatar, Kathmandu, Nepal",970-5110021,22,info@lsautonepal.com,https://lsautonepal.com/
neta-auto,https://www.meroauto.com/car_brand/neta-auto/,https://www.meroauto.com/wp-content/themes/meroauto_custom_thm/inc/timthumb.php?src=https://www.meroauto.com/wp-content/uploads/2024/11/NETA.jpg&w=350&h=250,"Thapathali, Kathmandu, Nepal",+977 9820105055,,info@cgmotors.com.np,https://cg-ev.com/passenger-segment
omada-jaecoo,https://www.meroauto.com/car_brand/omada-jaecoo/,https://www.meroauto.com/wp-content/themes/meroauto_custom_thm/inc/timthumb.php?src=https://www.meroauto.com/wp-content/uploads/2024/11/OMODA-JAECOO.jpg&w=350&h=250,"Uttardhoka, Kathmandu, Nepal",977 980-1142993,,Info@omodanepal.com,https://omodanepal.com/
gac-aion,https://www.meroauto.com/car_brand/gac-aion/,https://www.meroauto.com/wp-content/themes/meroauto_custom_thm/inc/timthumb.php?src=https://www.meroauto.com/wp-content/uploads/2024/11/AION-1.jpg&w=350&h=250,"Thapathali, Kathmandu, Nepal",+977 980 237 5636 or +977 980 237 5646,,gac@cgmotors.com.np,	www.gac.cgmotors.com.np
leapmotor,https://www.meroauto.com/car_brand/leapmotor/,https://www.meroauto.com/wp-content/themes/meroauto_custom_thm/inc/timthumb.php?src=https://www.meroauto.com/wp-content/uploads/2024/11/Leap-Motor-Logo.jpg&w=350&h=250,"Thapathali, Kathmandu",9801125873,9801125886,N/A,https://www.leapmotornepal.com/
changan-motors,https://www.meroauto.com/car_brand/changan-motors/,https://www.meroauto.com/wp-content/themes/meroauto_custom_thm/inc/timthumb.php?src=https://www.meroauto.com/wp-content/uploads/2024/01/CHANGAN.jpg&w=350&h=250,"MAW Vriddhi Autocorp Pvt. Ltd. Naxal, Kathmandu","+977 9802340591,9802340592,9802305336",,info@changanepal.com,https://changannepal.com/
chery-motors,https://www.meroauto.com/car_brand/chery-motors/,https://www.meroauto.com/wp-content/themes/meroauto_custom_thm/inc/timthumb.php?src=https://www.meroauto.com/wp-content/uploads/2024/01/CHERY-Logo.jpg&w=350&h=250,"SPG Automobiles Pvt Ltd, Thapathali, Kathmandu, Nepal","9801235298, 980-1129373,980-1205546""",,info@chery.com.np,https://www.chery.com.np/
great-wall-motors,https://www.meroauto.com/car_brand/great-wall-motors/,https://www.meroauto.com/wp-content/themes/meroauto_custom_thm/inc/timthumb.php?src=https://www.meroauto.com/wp-content/uploads/2024/01/GMW.jpg&w=350&h=250,"Thapathali, Kathmandu","+977-01-5322630, 5322614",,info@vgimpex.com.np,https://gwm.com.np/
seres-ev,https://www.meroauto.com/car_brand/seres-ev/,https://www.meroauto.com/wp-content/themes/meroauto_custom_thm/inc/timthumb.php?src=https://www.meroauto.com/wp-content/uploads/2023/10/SERES-Logo.png&w=350&h=250,"Naxal, Kathmandu,Nepal",9802354148,,seres@mawnepal.com,www.seresnepal.com
build-your-dream,https://www.meroauto.com/car_brand/build-your-dream/,https://www.meroauto.com/wp-content/themes/meroauto_custom_thm/inc/timthumb.php?src=https://www.meroauto.com/wp-content/uploads/2023/09/BYD-Logo.jpg&w=350&h=250,"Narayanchaur Naxal, Kathmandu Nepal","01-5912037,01-5912038",,info@cimex.com.np,https://cimex.com.np/
citroen-shangrila,https://www.meroauto.com/car_brand/citroen-shangrila/,https://www.meroauto.com/wp-content/themes/meroauto_custom_thm/inc/timthumb.php?src=https://www.meroauto.com/wp-content/uploads/2023/10/Citroen-Logo.png&w=350&h=250,"Thapathali, Kathmandu","9801050700, 9801050500, 9801125884",,N/A,https://www.shangrilamotors.com.np
kia-motors,https://www.meroauto.com/car_brand/kia-motors/,https://www.meroauto.com/wp-content/themes/meroauto_custom_thm/inc/timthumb.php?src=https://www.meroauto.com/wp-content/uploads/2021/09/kia-logo.jpg&w=350&h=250,"Gairidhara, Kathmandu","977 1 4426465 (Hunting), 4426475",,N/A,www.kia.com.np
nissan,https://www.meroauto.com/car_brand/nissan/,https://www.meroauto.com/wp-content/themes/meroauto_custom_thm/inc/timthumb.php?src=https://www.meroauto.com/wp-content/uploads/2021/09/Nissan-Logo.png&w=350&h=250,"Thapathali, Kathmandu",014101170,71,sales@nissan-nepal.com,https://nissan-nepal.com
mg,https://www.meroauto.com/car_brand/mg/,https://www.meroauto.com/wp-content/themes/meroauto_custom_thm/inc/timthumb.php?src=https://www.meroauto.com/wp-content/uploads/2023/09/MG-New-Logo.jpg&w=350&h=250,"Naxal, Kathmandu, Nepal",977-01-4783841,,info@slrtechno.com,http://mgmotors.com.np/
renault,https://www.meroauto.com/car_brand/renault/,https://www.meroauto.com/wp-content/themes/meroauto_custom_thm/inc/timthumb.php?src=https://www.meroauto.com/wp-content/uploads/2023/10/Renault-Logo.png&w=350&h=250,"Jaycees Building, Thapathali, Kathmandu, Nepal","01-4256377, 01-4249531",,customercare.advanced@renault-nepal.com,https://renault-nepal.com/
maruti-suzuki,https://www.meroauto.com/car_brand/maruti-suzuki/,https://www.meroauto.com/wp-content/themes/meroauto_custom_thm/inc/timthumb.php?src=https://www.meroauto.com/wp-content/uploads/2019/12/suzuki-logo-5311518DD9-seeklogo.com_-1.png&w=350&h=250,"Thapathali Road, Kathmandu",014245361,,N/A,https://www.chaudharygroup.com/index.php/our-company/automobiles.html
ford,https://www.meroauto.com/car_brand/ford/,https://www.meroauto.com/wp-content/themes/meroauto_custom_thm/inc/timthumb.php?src=https://www.meroauto.com/wp-content/uploads/2019/12/ford-1.png&w=350&h=250,"Go Automobiles Pvt. Ltd., Thapathali, Kathmandu",977-1-4257001,4244254,info@ford.com.np,ford.com.np
hyundai,https://www.meroauto.com/car_brand/hyundai/,https://www.meroauto.com/wp-content/themes/meroauto_custom_thm/inc/timthumb.php?src=https://www.meroauto.com/wp-content/uploads/2019/12/Hyundai_2-1.png&w=350&h=250,"Thapathali, Kathmandu","01 – 4101553, 4101554, 4101556",,care.service@laxmihyundai.com,laxmihyundai.com
mahindra,https://www.meroauto.com/car_brand/mahindra/,https://www.meroauto.com/wp-content/themes/meroauto_custom_thm/inc/timthumb.php?src=https://www.meroauto.com/wp-content/uploads/2023/10/Mahindra_Logo-new.png&w=350&h=250,"Panipokhari, Kathmandu, Nepal","01-4006711, 01-4006712",,onlineagni@agniinc.com.np,onlineagni@agniinc.com.np
tata,https://www.meroauto.com/car_brand/tata/,https://www.meroauto.com/wp-content/themes/meroauto_custom_thm/inc/timthumb.php?src=https://www.meroauto.com/wp-content/uploads/2019/12/tata-1.png&w=350&h=250,"Thapathali, Kathmamdu, Nepal",+977 01-4222152,4250610,sipradi@sipradi.com.np, www.tatamotors.com.np
toyota,https://www.meroauto.com/car_brand/toyota/,https://www.meroauto.com/wp-content/themes/meroauto_custom_thm/inc/timthumb.php?src=https://www.meroauto.com/wp-content/uploads/2019/12/toyota-logo-3A02221675-seeklogo.com_.png&w=350&h=250,"Ananda Nagar, Dhumbarahi Kathmandu, Nepal",01 4008801-5,,info@voith.com.np, http://voith.com.np/contact-us/
